Word	ID
worship	2676
farmers	4652
sequence	1559
third	366
japanese	468
argue	1694
academic	1948
safety	2081
other	43
jurisdiction	3010
otherwise	1534
avenue	4719
were	40
ph	4051
dialects	1993
commission	1514
heat	1385
fall	999
cards	1544
position	494
politically	4226
activist	4181
enlightenment	4690
products	807
remembered	4862
religious	438
ancient	451
male	645
passenger	3232
monroe	4020
females	3342
located	722
organisms	2709
anne	3551
graham	4481
drew	3457
ranked	3180
plastic	3682
singer	768
sri	4671
thus	261
method	697
contributions	3173
agave	3198
when	62
like	132
explain	2765
extend	3874
chemicals	4459
invasion	1629
artists	1512
featured	1313
service	351
movements	1819
ways	1115
mary	879
climate	1150
seemed	3104
wolf	4998
railway	1886
square	1073
geometric	4771
also	37
couple	3346
factors	1699
car	983
representative	3093
chapters	4464
tank	3539
contains	825
liberty	3139
difficulty	3186
ties	3879
jordan	2080
mechanism	2745
confederation	4615
efficient	2933
dialect	2594
relative	1518
imperial	1476
desire	2815
p	232
meetings	4435
ending	2152
trend	4475
continue	1341
courses	4628
kill	2249
dispute	2028
slavic	4138
fled	3488
engage	4886
random	2582
companion	4640
cross	713
trial	1552
federal	767
deputy	4593
wider	3951
images	1606
christmas	1752
seen	400
foot	1971
origins	1737
extreme	1767
patent	3069
struck	3983
viii	3993
sport	1988
mother	730
directly	851
might	509
formation	1673
therapy	3789
remote	4081
queen	903
headed	3091
edge	2264
california	723
clothing	4009
fort	2578
exception	2352
moore	2448
jobs	3771
define	2346
applied	1054
august	539
unique	1285
homer	4304
engaged	3371
theatre	2194
harold	4812
broadcast	1796
first	46
minerals	3953
mystery	3626
succeeded	2174
satellite	1941
charges	2871
tape	3205
producing	2117
placed	1062
sees	4299
faced	3201
coffee	3525
men	371
boys	2671
dark	1303
quality	1261
princess	3421
socialist	2350
born	267
post	707
toronto	4029
programs	947
contrary	3363
uses	554
wing	1535
october	548
marxist	4986
browser	4796
ensure	2918
digital	926
ill	3276
alexandria	2827
juan	4335
temporary	3607
gene	2347
reports	1719
increase	956
velocity	2846
occurring	4438
christopher	3279
stock	1894
component	2605
irc	4926
job	2233
widespread	2005
archive	3281
followed	660
be	32
slave	3257
hebrew	1137
remove	3169
effect	558
kennedy	2465
starring	2997
anglican	3928
el	1400
lower	649
woman	1011
mineral	4245
establishing	3666
belgium	2466
abilities	4647
correct	2100
load	4726
approach	1224
cave	3451
nato	3195
india	508
aircraft	676
release	865
leg	3655
races	3377
manner	1955
absence	3157
munich	4610
past	785
bringing	3633
business	657
lives	1596
iii	831
statement	1588
rocks	3353
author	598
confusion	3389
minnesota	3495
blues	2006
france	303
sleep	4499
another	167
mode	1838
progress	2204
damage	1696
night	808
bosnia	4333
initiated	4993
studio	2244
suggest	2590
chip	3651
observers	4969
friend	1619
luxembourg	4748
handle	3846
had	49
view	452
desert	2289
grew	1777
food	642
laws	688
began	292
last	250
club	922
southeast	3187
mainland	2985
occurred	1679
determined	1659
politician	1528
devices	1625
mounted	3711
tour	1688
louisiana	3787
tools	2202
gamma	3753
architecture	1352
british	130
optical	3574
age	258
constantine	2897
captain	1913
universal	1349
gate	3431
massachusetts	2374
warming	4412
spoken	1365
large	168
high	158
dna	1404
universities	2052
contents	4854
village	1985
option	3906
army	337
de	165
majority	705
oh	4448
arrest	4747
so	95
thought	502
anthem	4720
clay	4743
visitors	4259
milk	3015
catch	4574
technical	1370
zero	8
something	1044
wiki	3721
entering	4054
provided	894
fruit	2955
bones	4751
i	72
arguments	2730
mm	1622
south	180
academy	1411
lack	1131
becoming	1292
faster	2508
observed	1847
cdot	4528
stayed	4805
chris	4013
text	530
guitar	1505
containing	1555
volume	1101
latest	4156
gregorian	3260
increased	978
pair	2422
positions	1840
steps	2907
bach	3801
defeated	1739
agreement	1142
written	297
minor	973
technological	4833
imports	2959
sanskrit	4399
lunar	2540
learned	2661
comics	1685
ratio	2199
minister	456
medieval	1446
gay	2251
inch	3351
wild	1945
le	1393
professor	1750
five	16
lewis	2184
archives	4948
power	184
anderson	3973
announced	1423
pool	4424
spacecraft	3404
controversial	1671
plain	3118
voting	2851
novel	841
following	222
l	260
brazil	1881
leader	663
plays	1658
circles	4489
ronald	4920
elite	4324
stating	4818
lady	2246
mile	3470
initial	1502
occasion	4370
declaration	2575
tournament	4504
allow	889
founding	2858
labor	1259
box	2139
conflicts	4321
peter	943
exposed	3701
signals	2942
hierarchy	4255
banking	4693
configuration	4673
coup	2480
votes	2859
meant	1672
finalist	3164
than	70
archbishop	3549
famous	420
religions	2133
longest	3046
zealand	1637
city	101
reflected	3819
row	3600
eye	2129
meet	1961
gradually	2573
predicted	4909
phone	3823
nominated	4237
fictional	1826
now	163
obsolete	3779
attended	2698
format	1344
two	10
grace	3899
admiral	3570
driving	3778
amount	909
compatible	3386
spirit	1377
angels	3071
morning	3018
based	161
greatly	1878
apply	2371
vocabulary	4441
among	228
formed	636
fans	1463
judah	4401
vocals	4602
fifty	4352
dave	3735
missile	2862
weight	1526
involvement	3554
number	113
buddhism	3398
volcanic	4789
establish	2688
inside	1320
line	269
support	315
producer	1962
here	622
agreed	1655
honey	4816
producers	4594
resulting	1329
actor	461
however	77
poverty	3066
supposed	2898
begin	1617
philosophical	1914
solomon	4484
lights	4727
ad	1156
evidence	571
poems	2875
symbols	1919
norway	2557
adams	2437
guitarist	3699
arab	1415
characters	631
legs	4450
indicates	3182
ft	2007
cup	1435
york	268
news	682
americans	1569
cincinnati	4510
swedish	1845
coal	2944
further	367
understand	1873
km	322
somewhat	1355
structural	3489
testament	1770
connected	1545
speech	1157
drives	3697
philosophers	2307
broad	2441
death	208
outer	3335
returning	3616
tasks	4186
failure	1892
have	39
transportation	1883
hits	2949
convention	1185
refer	835
fox	2524
aviation	4381
pc	2150
game	183
hindu	2912
eleven	4452
bass	1519
tunnel	3949
coined	4003
compared	1427
handed	3729
gore	4550
carries	4358
aid	1537
survey	3289
activities	1361
patterns	2509
teams	1522
equivalent	1457
community	440
estonia	4378
operational	4716
canal	2939
log	3964
ask	3782
sounds	2438
task	2675
supported	1166
actions	1523
dr	1052
break	1787
barrel	4995
java	2286
piece	1890
perception	3694
name	121
personal	715
beta	3379
artillery	4439
broadcasting	3569
crew	2013
motion	1172
proved	1474
dj	4863
pronounced	1789
unit	939
increasingly	1581
modern	174
itself	399
perspective	2928
flat	2178
illustrated	4400
only	67
ms	4236
want	2156
louis	938
often	93
domain	1612
exercise	3946
karl	2771
know	1006
speakers	2010
b	73
wave	1904
reality	1729
tale	3571
algorithms	2921
pick	4607
does	271
count	1969
colonies	2242
abuse	3136
victims	3176
soft	2938
instrument	1736
race	1103
technique	1430
italian	542
competition	1709
experienced	2707
comet	4369
suit	3650
naturally	3092
freedom	1066
kinds	3038
suitable	3656
long	185
newer	4362
vessel	4962
bombing	4234
exact	2367
herself	3390
discovered	1005
much	149
cited	3080
neck	4071
us	251
routes	3643
errors	4065
symbol	1263
crisis	2060
dimensions	4145
hosts	4268
art	433
neutral	3419
baptist	4119
meat	2911
relevant	3884
national	147
vowel	2636
extinction	4711
conditions	988
neither	1928
rendered	4924
rose	2295
meters	2584
web	892
replacement	3425
statute	4996
tube	3690
languages	286
administration	1228
definitions	2902
flash	3776
texas	1605
wayne	3765
athens	3064
still	191
des	2046
description	1609
linux	1844
jean	1267
style	467
original	298
compounds	2468
rely	4817
not	38
westminster	4695
eighth	4830
stuart	4598
example	136
reached	1214
killed	783
setting	2077
wars	1186
smooth	4553
corporations	4585
fran	3800
tree	1238
galaxy	3446
width	3760
specifically	1599
indeed	1378
turned	1298
inflation	2762
computational	4834
revolution	855
chad	4436
consists	1092
within	223
female	587
kingdoms	4118
reserve	2943
wealth	2515
having	384
relation	1924
generally	293
relatives	4819
contribution	4712
focus	1680
far	491
didn	3083
bit	966
roughly	1822
flow	1712
trip	4058
well	110
iron	1289
gibraltar	3283
temple	1586
district	1243
committee	1126
particle	2571
damaged	4305
settlements	3839
dictionary	1656
kosovo	3954
teachers	4312
block	2089
bright	4328
claiming	3437
external	171
beliefs	1758
airports	3412
adopted	991
under	107
instance	1063
mission	1402
policies	1830
lists	1812
tracks	2877
mirror	4135
created	410
allegedly	4617
finance	3681
desired	4075
play	421
reach	1805
campaigns	4729
vote	1272
microwave	4923
syrian	4930
ideology	4780
winners	3591
respectively	1896
opposing	4224
river	382
museum	927
electricity	2056
hot	1648
trans	3788
served	972
security	795
carl	2499
vs	2650
mao	4285
conclusion	3575
forces	368
prior	1295
transformation	3790
recent	550
bridges	4871
franklin	2424
studios	3965
trek	4421
ascii	4165
cooperation	3509
hardware	1793
nonetheless	4539
distinguished	2598
me	746
unofficial	4316
germans	2978
market	607
concluded	3713
sets	1205
deals	4506
scales	4801
roosevelt	2856
meaning	512
center	445
function	493
my	609
mythology	1638
voted	3608
left	225
historic	2479
socialism	4379
operates	4407
wire	4079
contest	3538
marriage	1089
prefer	3994
procedures	4126
doom	4507
entrance	4823
loss	1268
things	764
familiar	3119
monarchy	3070
essay	3019
congo	3460
stated	1291
injury	4064
illness	3934
into	63
geographic	3478
finally	959
paul	593
largely	824
signal	1471
madrid	4732
olympic	2692
william	469
democracy	1740
globe	4870
towns	1974
used	59
consequence	3767
daniel	2274
concerned	2478
dream	3267
eating	3939
hydrogen	1670
geometry	2739
involved	968
appropriate	2718
missiles	3662
change	457
generated	2789
ethnic	1212
receive	1851
regular	1270
psychological	3321
essentially	2218
rings	4038
ago	2377
storm	3827
removal	3739
please	3871
effects	769
serious	1442
aspect	2868
runner	4483
kilometers	3045
more	51
pollution	3497
easter	4097
came	422
run	534
wall	1633
man	243
motor	3052
direct	873
magic	2255
permitted	3531
honduras	4980
indicated	3654
commentary	3126
understood	2236
provide	741
purchase	3527
thrown	4826
orbital	4762
related	448
forbidden	4876
edition	875
occupied	1972
disputes	3606
liverpool	3923
frequent	2788
galileo	4376
workers	1556
windows	981
moves	2831
missing	4263
orders	2036
fossil	4302
garden	2829
eyes	2452
possibly	1397
physicist	2369
root	2105
wheel	4004
maps	2092
million	340
economics	1903
legacy	2913
aside	4306
lb	4699
led	281
legally	4728
activity	1255
heir	4662
extensive	1454
accept	2017
colombia	4110
carrier	2802
daily	1595
unified	4465
productions	4885
nodes	4797
behind	1015
hold	1076
documents	2180
popular	235
symbolic	3940
connections	3491
banks	2536
roles	2839
paintings	4067
twice	2354
perform	1938
artist	1379
street	980
dc	2539
mountains	1630
replaced	901
decide	4323
stones	4082
mathematician	2440
claudius	4582
dies	4761
standards	1305
experiences	3501
ukraine	4521
except	1018
agents	2878
facilities	2920
noted	1163
vowels	3177
franz	4386
geographical	4179
stage	1058
ages	1669
gallery	3297
belt	4269
prose	4745
saxon	4177
dynamic	3759
strictly	3499
listed	2375
demonstrated	3406
turns	3402
mechanical	2302
atomic	2101
during	85
alliance	2009
international	194
stephen	2358
ed	1127
camera	3432
adventures	3945
divide	4487
retrieved	4461
defined	687
qur	4666
phoenix	3963
bulgarian	3533
novels	1704
torah	3567
deep	1462
egyptian	2137
speculation	4750
stalin	2577
mixed	1959
clark	3266
light	362
formula	1775
employment	3833
station	1155
sox	3315
disease	1183
bowl	2979
jacques	3761
taxes	3920
archaeological	4482
arranged	3578
training	1314
side	411
honour	4217
maritime	3752
businesses	4173
whole	850
sharing	4031
anyone	2614
of	2
groups	309
trained	3296
baroque	3852
sales	2543
catholicism	4478
gray	4377
topics	1756
crime	1930
williams	2660
bad	1872
destroy	3675
dating	3020
signed	1198
passing	2711
countries	270
enormous	4014
relativity	3095
funding	3772
version	328
frequency	1594
homes	4637
went	674
astronomical	4393
individuals	1132
where	100
describing	3336
restored	3684
allies	2696
soil	2873
opponents	2597
saved	4472
invented	2167
cuba	2431
song	584
plants	1458
agreements	3672
leaders	1251
subsequent	1768
points	699
consecutive	4811
beyond	1209
bonds	2874
below	581
championships	4112
succession	2618
trials	4225
massive	2147
new	58
environment	1148
autonomous	4106
can	53
scope	4360
hotel	3309
fundamental	1751
store	2258
engineering	1072
includes	650
crystal	3261
letters	844
rivers	2037
canada	474
political	201
founder	1837
settlement	1920
slowly	3506
ne	3816
civilizations	4555
launched	1926
resource	2952
governing	3835
there	60
olympics	4949
express	2434
showing	2091
retirement	4616
birthday	4534
after	61
holding	2359
natives	4098
sufficient	2693
hour	2148
namely	4619
advice	3887
rain	3370
preserved	2917
little	402
chemical	900
type	437
similarly	2019
shift	2970
interior	2736
responsible	1342
molecule	3441
assumed	2260
emerged	2964
system	92
funeral	4131
greater	751
hans	4011
nicholas	4822
victory	1508
bills	4221
radical	2421
sensitive	3947
lowest	2678
alphabet	1661
appear	994
bell	2322
occasions	4190
binding	4059
jury	4340
estate	3442
illegal	2849
suffering	3853
stack	4741
selection	2400
becomes	803
schedule	4139
poe	4959
philosophy	603
judgment	4558
franco	4201
memory	890
formal	1322
string	1434
carriers	4754
met	1299
transfer	2240
cartoon	4039
rainfall	4793
planned	2189
districts	3068
rd	1598
tales	2988
blocks	3986
preparation	4912
hockey	2463
associate	4559
school	302
differential	3572
infection	4193
onto	2668
reaction	1548
protocols	4945
genome	4591
chief	793
seriously	4238
perfect	2063
actress	853
card	1409
taylor	3605
finished	2580
te	3443
tradition	929
tourist	3813
plate	3259
definition	788
country	186
avoid	1700
battles	3089
steve	2670
promoted	3705
dialogue	4524
missouri	2865
road	1080
helped	1643
revolt	4473
import	1839
throne	2075
democrats	3448
finish	4808
equations	2283
lay	3044
bishop	1657
interpretation	1828
affairs	1703
debate	1503
poor	1260
viewed	2225
possible	375
patient	3413
bulk	4153
elected	670
railroad	3854
proper	1900
recommended	4254
g	150
lands	2113
rapid	2490
form	144
confederate	3556
furthermore	2750
personality	3190
n	157
equipped	4523
siege	3543
route	2205
variable	2553
iraqi	4940
sector	2021
buffalo	3889
fellow	2787
inspiration	4185
measurement	3562
simple	777
instruments	1576
dependent	2746
sexual	1145
history	96
inter	4517
silent	4270
interest	763
comedian	3663
german	172
imposed	4513
agree	2992
never	364
godzilla	4342
bought	3825
abc	3671
myth	2785
diamonds	4265
hospital	2969
projects	1909
journalist	3593
users	1197
pressure	1026
sovereign	4042
traditions	1663
parliament	654
nine	9
angle	3127
later	117
trains	4092
help	816
surgery	4678
keeping	3024
earl	2522
circle	2065
covenant	4686
league	426
reign	1664
the	1
toward	1632
increasing	1396
gary	2894
gained	1513
immediate	3294
supporters	2030
built	496
books	380
advances	4795
religion	729
fusion	3749
earth	330
sides	1855
matters	2482
similarities	4989
clock	2489
belong	3808
awards	2039
condition	1827
mountain	1551
favorite	4586
ll	2891
server	1852
till	4934
state	94
prayer	2643
gain	1934
says	1590
normally	1762
signature	4505
ethical	3372
library	833
expression	1943
career	784
stopped	3734
shaped	2998
linguistics	3634
driven	2946
eric	3207
capita	3826
html	2247
bishops	3060
book	198
bond	1797
many	56
note	540
tennis	4385
sign	1440
compression	2735
gospel	2047
building	672
english	103
too	594
consent	4419
phenomena	3213
jay	4921
universe	1009
gandhi	3958
u	146
aim	2893
distribution	1232
describe	1325
anthropology	4357
war	84
goddess	2879
diverse	3239
wales	1947
grow	3143
nevertheless	2069
warm	3688
tendency	4120
review	1603
coach	2382
honor	2207
astronomy	3786
san	1027
bah	3033
straight	2339
autonomy	4631
always	522
automatically	4036
independently	3904
background	1626
layers	4649
fred	4603
health	866
earlier	750
genesis	3695
adam	2378
historically	2151
precisely	4645
final	529
worlds	4018
thanks	4423
circumstances	2779
details	1772
reduction	3408
islamic	1356
heard	2477
march	439
statements	2840
passengers	4981
happened	3248
accused	2741
yale	4965
ip	2887
steam	3978
metropolitan	2956
covers	3094
int	3876
oriented	2721
claims	904
humanity	3274
statesman	4348
ram	3842
join	2519
rice	2975
drawing	2653
win	1324
vienna	3217
ca	2237
unknown	1536
practice	630
inhabited	4496
become	264
egg	4843
message	1866
client	3305
hash	4365
elvis	4674
drive	1473
six	22
operated	2714
theorem	1730
owners	3473
harvard	2226
dubbed	4943
difficulties	3769
diameter	4391
head	484
removed	1636
leads	2510
iceland	4455
iowa	3770
churches	1328
whom	881
epic	4176
devil	3637
master	1418
custom	3416
varies	3131
lincoln	1573
hungarian	2053
without	249
variation	3086
afghanistan	1635
angel	4076
extends	4565
irish	615
label	2759
she	169
believed	725
standard	349
usage	1311
ended	1388
baby	3434
appearance	1389
received	639
dimension	3905
achieved	2024
leaves	2551
beat	3249
experimental	2872
examples	693
governor	1094
ruth	2740
registered	4760
locally	4946
noise	4491
marketing	3886
shield	4692
filled	3067
growth	770
waters	3438
stand	1825
directors	3121
criteria	4300
instances	4944
album	559
impossible	2182
holiday	2731
spot	3919
losses	4397
demographics	2633
issue	1035
apart	2335
contributed	2432
duty	3359
giving	1417
exile	3057
exist	893
ultimately	2072
project	545
subject	576
gothic	3546
o	347
between	78
births	680
set	178
begun	2799
theology	2647
bottom	2190
reducing	3410
survival	4418
contained	2071
wish	3592
county	731
say	789
locations	3079
revival	4231
unlike	1323
grammar	2408
mammals	4147
everyday	4736
median	3849
area	210
c	122
ai	4212
penalty	3466
caesar	2252
newspapers	3502
worldwide	2042
defense	1045
joke	4606
no	76
connection	1690
russell	2535
germany	324
substance	2615
going	1345
collective	3731
graduate	4006
president	205
homosexual	4290
jim	2303
admitted	3805
hamilton	3200
wind	2250
maria	2906
liberal	1017
conquest	3039
combination	1702
composers	3122
schools	932
population	218
profile	2870
table	1129
kills	4599
stress	3314
versus	3998
traditionally	1453
algebraic	3730
architect	3366
duke	1110
lasting	4709
conventional	2542
genes	3476
cultures	1821
autobiography	4757
revealed	2340
colorado	3357
for	14
gives	1287
remaining	1220
affair	3751
differ	3426
von	1210
scoring	4931
per	514
annually	4901
current	388
similar	296
professional	1036
time	65
opportunity	3153
designated	3461
mouth	2825
encyclopedia	1394
writers	1099
teach	4074
eu	2235
shortly	1860
nation	872
unemployment	4000
round	1189
costa	4159
ranges	3625
acting	2318
slaves	3303
settlers	4008
divided	910
issued	2062
atmosphere	2459
commercial	861
channels	3029
buy	3797
concentration	2576
vacuum	3988
belgian	3892
adults	4535
singles	3764
glucose	4356
historians	1831
teaching	2045
played	442
date	878
transformed	4956
trading	2574
print	3001
an	31
think	1811
burned	4884
broken	2495
around	211
judge	2154
repeatedly	4223
educational	2595
intel	2694
palestine	3929
portions	4583
basic	666
highest	957
barry	4437
baltimore	3981
mathematical	1203
newton	2262
jane	4276
himself	392
father	409
physically	4925
confidence	4462
interesting	2651
tv	905
kentucky	4251
living	478
inner	2554
possibility	2663
biography	1366
seeking	3628
communities	1507
automobile	4525
questions	1832
standing	2078
naming	4233
january	429
week	1711
henry	668
negotiations	3646
portrayed	3777
notes	1038
cattle	4030
texts	1627
engine	1030
lithuania	3004
ss	4608
performances	3941
may	69
air	304
been	54
don	961
authors	2011
saw	798
libya	4205
conventions	4077
newly	2630
excess	4790
conduct	3659
displays	4803
spread	1346
throughout	586
cpu	2989
possession	3225
construction	1022
circular	4625
highway	3237
intelligence	1247
regulations	4218
rail	2220
celebrated	3085
metals	3698
funds	3236
individual	627
soon	720
heritage	2833
mayor	2626
champion	2637
hughes	4500
worst	3680
else	2506
address	1308
color	863
association	757
june	515
reaching	3234
horror	3301
application	1319
chosen	1843
ottoman	2534
copper	3285
rates	1905
column	3326
indian	702
available	471
suggests	2392
vice	1817
quantum	1646
notation	2658
stable	2411
subsequently	1784
africa	561
meeting	1823
advantage	1846
follow	1466
urban	1500
faith	1147
jpg	1854
sheet	4958
path	2326
younger	2410
our	589
territories	1723
manuscript	4239
aware	3747
mbox	4581
overview	3147
mhz	4597
nationalist	4043
functional	2757
dramatically	4990
money	814
reflect	3897
noble	3931
four	21
ibn	3530
respect	1824
goods	1792
role	423
sure	4346
given	253
pacific	1271
months	811
split	1902
player	284
simply	685
declined	3395
numbers	432
metal	908
according	301
yellow	2460
contemporary	1274
kent	3844
maintained	2305
unix	3101
clergy	4922
astronomer	4755
easily	1408
either	344
future	683
orbit	2690
bc	490
cambridge	1387
object	753
hear	4520
proteins	2780
efforts	1448
results	845
organization	709
he	36
strip	2088
algebra	2004
fought	2241
argentina	2824
close	690
investment	2227
precision	4879
firm	3332
blow	4588
fm	3310
twentieth	3277
cell	801
basin	4417
has	41
baron	4573
edited	2665
stroke	4655
objects	976
white	396
members	252
staff	1942
demands	4274
practical	1973
household	3208
factor	1994
door	2929
pp	1912
und	4932
words	406
stores	3942
enemies	3178
quickly	1108
stone	1482
recipient	3135
austrian	1695
concern	3030
core	2012
surface	854
preserve	4782
faces	4078
monster	2899
episode	1306
group	189
displayed	4490
greatest	1309
commands	4620
titled	3235
range	524
shows	1060
resolution	2135
etymology	4307
southern	560
floppy	4947
rank	2638
fantasy	1829
croatian	4840
holes	4034
london	339
consist	3962
annual	1764
indo	2365
mouse	2800
tense	4991
explosion	4332
musicians	2360
periodic	4425
molecular	2200
regarded	1207
potentially	4494
max	2753
chose	3252
lake	827
lebanese	4689
her	111
fewer	3791
wood	1884
dates	2187
paid	2201
constitutional	1766
ports	3163
serbian	4456
grand	1046
draft	3482
saudi	4277
ali	4791
secure	3586
tongue	4659
provincial	4347
iso	2329
tiny	4700
critique	4994
estimated	1682
survived	3032
jews	643
protein	2364
established	488
molecules	2145
era	840
disorder	3040
rotation	3811
chinese	472
youth	2496
controlled	1467
billy	4540
destroyed	1616
mid	902
portugal	2315
serve	1485
revolutionary	1897
basis	887
home	291
explanation	2876
americas	4639
infantry	2772
coin	4334
campaign	1230
completely	1266
designer	3851
primarily	1032
girl	2589
told	1754
communist	1118
comic	1425
discrete	4492
referring	3043
maintaining	4430
miami	4880
dragon	3392
seeing	3707
jonathan	4240
descent	3005
versions	1079
freely	4327
framework	3573
officer	2327
telecommunications	4951
channel	1091
operate	3088
fields	1312
suspended	4957
selling	2644
recognized	1515
twin	3714
both	106
crowd	4954
papers	3144
forests	3212
concert	2719
substantial	2681
peak	3013
create	985
crops	4182
old	246
demand	2277
parents	1865
cabinet	2385
snow	3036
territory	817
work	140
fifteen	4860
donald	2555
proof	2172
disk	1781
ludwig	4856
stream	3950
start	1114
captured	2238
communists	4049
officials	2491
government	114
counts	4682
goals	3150
timeline	4007
discussion	1592
july	492
na	1304
discovery	1684
pierre	2937
allowed	748
ross	4663
limits	2702
enemy	1979
forcing	4758
require	1496
magnitude	3804
covering	3687
evolution	1160
title	588
scots	4219
learn	2516
backed	4827
separated	2383
institutions	1776
superior	2683
heroes	4142
oxford	1359
roger	3106
depicted	3358
regions	1106
moses	3328
ibm	1698
and	3
spend	4979
dealing	3831
prison	2586
limit	2116
ex	2996
forth	3014
through	124
clinton	2282
depth	2904
credit	3243
capable	2130
buildings	1662
historical	564
sale	3629
governments	1691
plains	4200
need	786
lords	2724
threatened	3896
should	280
map	935
event	1049
interval	4815
tower	1877
ford	1520
partner	3114
establishment	2512
actual	1282
constellation	4527
reserves	4744
christian	343
otto	4495
moldova	4784
largest	405
to	7
idea	696
watch	3430
engineers	3256
tax	1882
genres	3980
changed	948
opposite	2155
hollywood	2206
van	1480
how	311
co	728
striking	4653
bulgaria	3170
valley	1469
rest	995
comparative	4516
roman	255
publisher	4199
video	681
content	1283
disambiguation	3493
coming	1946
organisation	3063
breaking	3255
opening	1759
shot	1340
with	24
belarus	4477
accompanied	3454
gold	1077
mind	941
receiving	3453
cultural	815
evolved	2472
hunter	4188
guy	3918
farm	3313
risk	1803
control	274
adult	2394
arguably	4073
judicial	2556
corner	4146
experiment	2413
measures	2082
same	133
customs	3850
solar	2031
ruling	3344
songwriter	4449
promised	4987
harry	2635
footballer	3618
elements	617
extensively	3967
google	3748
changing	2402
rear	4026
education	602
generic	4646
causes	1428
psychology	2355
goes	1800
charts	4792
bridge	1202
sin	2748
mickey	4195
moral	1779
conflict	1217
recognised	4498
interpreted	3167
stop	1727
mount	2153
cathedral	3191
three	17
patients	2664
dollar	2729
houses	2038
whether	619
accomplished	4807
september	535
industrial	1167
calendar	1181
celtic	2097
hinduism	4913
principal	2041
article	278
tests	2976
resulted	1677
cast	2160
category	1713
austria	1464
arrival	3810
canterbury	4526
mexico	1353
capitalist	4877
analog	3818
orientation	4548
publishers	4630
prisoners	3535
girls	4016
fate	4837
players	531
census	1810
applies	4230
circuits	3780
called	89
adding	2640
off	338
quantities	3888
television	483
narrative	4012
consider	1136
prominent	1571
nickname	3989
means	363
basque	3199
golf	4841
views	1363
benefits	3511
surfaces	4900
none	1801
denominations	4694
punk	4469
vast	2163
japan	582
obtained	2279
pitch	3202
acceptable	4968
reagan	4967
composition	1999
serbia	4024
explorer	3544
classical	714
happy	3985
dune	4895
atom	3192
scene	1575
prophet	3409
teachings	3566
parties	806
soldier	3090
hop	2311
landing	3149
influenced	1240
observation	3660
manga	4198
user	952
fine	2234
baptism	3245
sydney	4288
spring	1875
cuban	4028
r	230
scheduled	4742
mp	3025
linked	2107
petroleum	3418
produced	459
numerous	1014
reportedly	4384
recognition	2368
concerning	2435
remember	4976
administrative	1863
creating	1790
shah	3996
journal	1541
slow	2191
stories	794
understanding	1475
once	424
will	97
sight	4431
photos	3867
pain	3374
complexity	2727
protocol	1746
taking	1025
tennessee	4451
beings	2853
lyrics	2769
creative	3678
ring	1689
jewish	427
renamed	2520
media	743
near	395
interactive	3803
transmitted	4311
century	123
authorities	2232
strict	3955
advent	4899
recently	965
rich	1611
practiced	4476
picture	1744
context	1288
warfare	2523
trivia	3984
complicated	3817
produces	2940
racing	2601
moderate	3909
skills	2828
frank	1580
cold	1252
directory	2270
gravity	2977
classified	2684
recovery	3796
knight	3132
sphere	3999
warrior	4848
southwest	3233
production	443
represent	1529
opposed	1347
favor	2541
kevin	4286
eat	3594
jet	3519
immigrants	3648
beijing	3882
mediterranean	2537
device	1499
ultimate	3120
interpretations	4197
branch	1208
michael	871
raw	4053
gordon	3722
tables	4258
tall	4331
bomb	2742
brought	754
study	507
reformation	4651
students	919
nazis	4829
principles	1557
civilian	3354
charles	504
priests	4046
region	416
arm	2847
this	33
mining	3429
kept	1654
suicide	2617
publishing	2266
less	294
train	2298
nearby	2503
consciousness	2505
array	3364
instructions	2776
abandoned	2634
land	308
uss	4025
sense	724
agency	2121
website	812
search	1460
bands	2430
independent	596
named	323
black	336
powers	1056
claimed	923
soviet	381
bay	1478
challenge	3250
muscle	3843
scenes	3435
presents	4542
john	145
fell	1732
rock	580
sum	1706
track	1589
sole	4103
consisted	4284
varying	3373
designs	2293
essential	2216
slavery	3350
facility	4656
response	1143
leadership	1714
orange	2931
representatives	2301
kind	1190
usual	2962
offers	3154
north	193
house	277
genus	2732
castle	2229
divisions	2686
powered	3512
novelist	4353
derives	4301
soul	2361
anarchist	4779
reconstruction	4706
providing	2050
ends	1937
miles	1180
moon	950
document	2131
makes	836
testing	2886
likely	912
jamaica	4702
meanings	3075
specialized	3331
reported	1284
attempted	1650
designed	711
swiss	2677
pilots	4973
spiritual	1965
la	634
years	81
oregon	4660
advocates	4338
driver	3048
pay	1898
allowing	1491
gods	1774
muslim	1424
linguistic	3251
turing	3733
offices	3341
wrong	2823
common	177
electrical	1977
pakistan	2224
attack	778
mccarthy	4977
christianity	1170
calvin	3355
areas	435
bible	1095
indiana	2559
variant	2953
indonesia	2738
continued	578
returned	986
level	408
ontario	3148
fame	1841
waste	4887
authority	868
got	2000
terrain	4175
republican	2169
incorporated	2526
sections	2623
belief	1135
accepted	1047
intervention	3834
afc	4066
proto	4337
worked	1187
you	207
isaac	3505
secretary	1506
heavy	1007
longer	779
grounds	3087
citizen	3264
return	700
letter	820
russia	749
neo	3859
involves	2168
supporting	2511
surrounding	2073
invaded	4297
technology	546
ma	3158
vocal	4322
embedded	4917
boy	1497
remains	773
centered	4252
cemetery	4872
bits	2425
relatively	982
implement	4587
receives	4083
image	419
software	404
survive	3210
explicit	4984
rising	2924
said	327
biggest	3349
program	481
kb	4851
valuable	3727
amongst	2817
y	495
criminal	2027
diesel	4657
taste	4116
anthony	3317
glass	1813
increases	2850
science	262
occasionally	1953
read	964
saying	1975
hills	3111
display	1833
deeply	4634
persons	1987
speeds	4398
member	434
martial	2783
industries	2761
popularity	1572
participate	3924
si	3627
attributed	2487
circa	4783
sacrifice	4493
administered	4096
catalan	4882
overseas	3516
kuwait	3740
latter	867
hosted	4739
gets	3691
plague	4373
piano	2903
cape	2485
varieties	3498
phrases	4589
tell	2722
orchestra	3689
critics	1297
football	623
rate	549
differences	1479
einstein	2679
represented	1392
colony	2381
requirements	2908
organism	4368
world	71
holds	1721
instrumental	4194
collected	2639
napoleon	3011
liberation	3400
lost	543
follows	1371
clearly	2051
protest	4244
nationality	4161
pilot	2867
hit	1069
phrase	2198
animated	3112
colleges	2818
wife	821
identification	4298
drawn	2290
transport	1373
concentrated	3725
branches	2646
stronger	4144
mood	3921
weekly	4072
planet	1753
logo	2558
foundation	1302
anglo	2612
communication	1755
enough	888
wrote	557
officers	2530
decisions	3037
facts	2798
rules	732
prove	2919
png	3179
characteristic	2625
waves	2926
end	197
cognitive	3820
vary	2313
davis	2393
against	156
diseases	2834
section	979
consisting	2611
computing	2170
share	1486
doctors	4402
legends	4644
continuing	3229
mere	4580
relief	3308
connecticut	4515
nasa	3161
russian	555
prices	2498
amsterdam	4902
took	378
cargo	4292
vital	4897
binary	1995
turn	870
towards	883
tend	1583
just	325
concerns	2642
goal	1593
compiler	4121
millions	3507
counter	1956
cleveland	3333
samuel	2456
emphasis	2993
saints	2342
murder	1814
china	486
working	742
practices	2087
live	538
richard	860
cut	1237
masses	4638
mass	646
normal	1111
site	430
developing	2245
jack	1591
sovereignty	3417
operation	989
peoples	1911
maintain	1836
boston	1653
describes	1935
inhabitants	1980
roots	2476
human	226
salt	2968
pure	2118
maximum	2095
adoption	4047
originated	3082
assume	3719
approximately	1122
supposedly	4836
syntax	4529
feast	4283
draw	2609
sister	1933
equally	3704
stages	3196
confirmed	3155
adapted	3338
princeton	4731
singapore	4005
reaches	4303
considerable	1864
sacred	3203
tom	2330
precise	3394
affect	3579
norman	3870
bronze	3423
carolina	3268
notice	4427
mixture	3541
argentine	4753
link	1465
am	1226
was	18
golden	1433
respective	4687
defensive	3152
creature	4575
civil	463
reference	780
ideal	2967
allows	1273
francisco	2197
few	289
emperor	525
purely	4246
fallen	4019
request	2845
duties	3590
college	354
running	1057
terms	453
oldest	2079
chaos	4873
vehicles	2461
afghan	4661
catholics	3585
winning	1600
pdf	2826
previous	1102
virginia	2108
feel	2297
christians	1420
town	608
extension	2384
galaxies	4997
escape	2672
horn	4600
evening	4344
liberalism	4105
calculated	4898
semitic	4141
d	75
circuit	2356
low	450
dangerous	2610
reject	4315
lot	2770
again	431
nintendo	4938
switch	3513
morris	4556
determine	2025
manuscripts	4953
creator	3414
formally	2458
blood	911
britain	703
councils	4514
johnny	3768
wooden	4781
friendly	4033
albums	2464
takes	1000
accounts	2128
hands	1375
termed	3686
since	118
environmental	1798
studied	1880
ussr	4261
playing	877
making	462
congress	946
package	4852
underlying	4140
argument	1358
homosexuality	4294
assumption	4470
nothing	1511
wine	3103
sand	4227
successfully	2629
brass	4892
involving	2529
arabs	4420
recordings	3615
humans	1254
stored	2662
equal	1124
philippines	4278
translated	1861
reduce	2102
island	279
salvador	4669
finds	3696
intent	4861
ions	4988
military	217
fit	2641
them	115
safe	3227
clubs	2905
killing	1639
sir	1201
grant	2517
comprehensive	3125
strategy	2280
opposition	1256
jimmy	4168
disc	2550
inches	3938
yards	4718
profit	2966
twelve	2275
separation	3485
emotional	4533
dancing	4723
lie	2564
corps	3306
align	3845
body	341
chile	3022
remainder	3957
young	527
coding	4650
launch	2814
games	326
while	99
valid	3467
proposal	3702
benjamin	3244
federation	2475
seconds	3348
ships	1326
europe	285
made	109
plan	1269
sold	1219
accuracy	3927
stanley	3959
quoted	3926
fiscal	4961
moved	819
private	818
murdered	4935
families	1398
lieutenant	4166
their	44
migration	3436
opera	2436
closed	1631
partial	2945
armed	1414
done	601
populations	2974
musical	859
natural	390
dvd	2484
algorithm	1724
modified	2319
arc	4169
charged	2763
truly	4160
mathematics	1048
victoria	3140
expenditures	4847
species	600
forced	1130
kg	2502
encouraged	3171
seven	23
equipment	1413
fresh	3667
module	4389
debt	3224
ohio	2835
really	2269
due	231
allen	3604
merged	3836
lebanon	2265
cellular	3862
fifth	1992
synthesis	3609
renaissance	3185
tied	4295
advertising	3293
salvation	4578
together	499
monarch	3246
decades	1804
dated	3841
skill	3384
pages	1816
photographs	4776
secular	3596
variations	2291
concepts	1741
potential	1367
cuisine	2786
pronunciation	3065
partners	3669
unsuccessful	4403
costs	2560
feeling	4310
fishing	3679
symptoms	2950
voltage	3774
african	640
horizontal	4908
water	288
best	299
revised	3638
begins	1530
cases	575
amazon	4786
tim	3895
case	263
atheism	4668
invention	3440
inuit	4802
depends	2914
fathers	4937
phenomenon	2659
entity	3979
temperature	1144
dedicated	2271
communion	4372
decided	1438
physiology	4354
are	26
dioxide	3528
mercury	3837
turkish	2231
permanent	1743
spending	4293
spectrum	2723
ipa	4866
mine	4698
flows	4536
bob	1733
humor	4814
ted	4734
star	592
larry	4088
un	1558
traditional	521
november	526
saint	781
offer	2035
environments	4952
alaska	3522
interests	2257
oil	897
ritual	4467
warner	4343
films	616
brazilian	4085
jupiter	3911
releases	3738
office	591
asked	1652
conspiracy	3472
early	128
wear	3471
recording	2094
les	3481
tropical	2925
kernel	4411
dominant	2320
indicate	2196
chart	3868
commonly	637
poetry	2222
evolutionary	2984
explosive	4557
quite	1087
companies	826
causing	2317
carbon	1151
him	119
source	454
vietnam	2341
each	138
buried	2781
critical	1200
et	1332
afterwards	3183
withdrawal	4426
nations	579
j	317
capabilities	4622
ceremony	3784
instead	506
do	176
frac	1084
males	2403
times	254
manufacturing	2621
consumer	2980
overall	2300
lesser	3254
real	447
tokyo	4906
bed	4919
coverage	4035
aspects	1692
consonants	4235
bus	2165
page	665
objective	4061
contrast	1597
airport	1455
tribute	3890
integrated	2794
composer	1123
detail	3327
trade	513
reviews	3961
variety	967
family	238
physics	1194
multi	2173
regardless	3269
believes	4672
write	1216
http	1068
maryland	4149
welsh	3284
processor	3166
prime	520
stands	2481
save	2708
claim	849
terminology	3723
amounts	2521
plant	1437
useful	1483
institute	1024
big	813
howard	2412
rebellion	3109
boat	3216
hiv	3059
protestant	1958
targets	4395
gnu	2838
stanford	4414
amateur	3802
enter	2324
corporation	1634
send	3345
referred	577
capital	523
decade	2549
ownership	3290
parallel	1967
assigned	2801
see	68
demanded	4788
come	604
field	342
fire	671
agent	2380
spaces	2860
edgar	4985
along	353
married	882
hunting	3910
organized	1818
michigan	1998
every	332
these	66
including	134
code	510
planning	2994
charge	1384
entered	1624
drinking	4027
manchester	2812
camp	2057
antonio	4676
requires	1582
shadow	4541
enjoyed	3613
lakes	2538
priest	2777
session	3975
it	27
joint	2445
rfc	4093
exactly	2263
speaker	3382
edward	1277
law	188
alternative	1067
rocket	3781
upon	407
org	1348
but	42
kong	1369
classic	1489
choose	2439
discipline	3577
brain	1336
marine	2111
mention	3587
z	774
bone	4017
alice	4440
economies	4267
hong	1644
campbell	3401
obtain	3214
anti	528
works	312
newspaper	2029
fascist	4749
cameroon	4955
inherited	4891
interface	2064
raised	1848
mexican	2863
info	3865
especially	365
dramatic	3450
florence	4211
serving	2527
bring	1918
because	125
counties	3745
wings	3832
yet	734
cinema	2710
attacked	2958
ability	1117
whale	4813
w	500
calculations	4896
parts	505
vision	2656
needs	1889
australia	565
plane	1870
party	202
restoration	4633
committed	2474
duck	3990
trust	3821
over	80
focused	3226
colors	2821
ac	4192
roads	3099
nature	544
published	335
ieee	4002
give	792
represents	2171
major	182
runs	1647
variants	3074
internet	625
descendants	3129
register	3168
subset	3960
property	918
force	306
radar	4546
employees	3968
cavalry	3550
dos	3162
peninsula	2603
korea	1940
internal	1184
legend	2066
besides	4062
plot	2284
poles	4785
about	79
sought	2125
parliamentary	2579
liquid	2281
rise	1075
society	372
beauty	3715
decision	1357
quantity	3561
marvel	4132
underground	2486
angeles	1815
electromagnetic	4207
entirely	1521
da	2570
li	4296
israeli	1587
h	257
oral	3743
norwegian	2842
space	320
characterized	2861
add	2098
shared	2123
items	2308
atlas	4264
links	159
rome	937
defines	4375
encoding	4878
al	418
rejected	2175
entitled	2405
better	800
reading	1193
across	761
lane	4838
ethics	2685
license	2203
marked	1791
deposits	4983
extended	1421
relationship	990
disney	3343
appearing	4260
jackson	1726
commons	3518
est	556
weapon	2268
regional	1316
huge	2120
distinction	2099
leap	2811
important	241
existed	2404
dallas	4708
particles	2023
cardinal	3500
governors	4167
whereas	1936
suffered	2055
visited	2797
farming	4325
ranging	4279
falling	3520
borders	2923
that	20
crusade	4888
constructed	2136
distinct	1487
theory	209
excellent	3532
fuel	1564
place	259
needed	1262
directions	4658
operator	3300
balls	4554
hard	974
top	563
programming	876
passed	1119
quotes	4409
dan	3856
supports	3508
isle	3620
dollars	3642
fighting	1574
intended	1178
necessary	1177
guard	2450
machines	1808
andrew	2331
adjacent	3755
cheese	4696
being	102
tends	3830
monarchs	4691
issues	884
started	727
class	477
heart	1227
del	2243
season	610
one	4
insulin	4667
hitler	2043
income	1429
chemistry	1899
tells	3552
painter	2462
nova	3754
diplomatic	3072
protection	1436
abolished	4158
writes	4313
most	52
k	295
portion	2259
derived	1053
passage	2951
higher	605
critic	4612
voters	4080
terminal	3664
shooting	4109
nuclear	977
constant	1383
characteristics	1885
recovered	4618
distant	4413
act	455
romantic	3866
red	412
montreal	3521
alongside	4129
journey	3272
continent	2990
enjoy	4503
prussia	3732
lambda	4858
held	360
prepared	3054
scheme	3002
fighters	4624
provides	1222
turkey	2221
purchased	3665
contract	2033
friedrich	3238
di	2717
villages	4443
spelling	2915
abraham	2760
therefore	590
seventh	3838
austin	4157
protected	3098
conducted	2695
writer	614
massacre	4349
crown	1738
crash	3828
limited	752
medical	917
originally	606
unity	3204
press	414
fully	1447
electoral	3265
window	3847
way	215
summary	3885
provinces	2195
malcolm	4725
manufacturer	4396
citizens	1501
wearing	4191
secondary	2103
carrying	3108
empire	345
occupation	2338
bwv	2114
fun	4717
consonant	3930
creation	1065
output	1788
albert	1697
already	830
jerry	4485
people	83
active	1023
assassination	3146
king	187
ii	214
situations	3365
daughter	1152
exposure	4099
mike	2591
composed	1386
strike	2533
chancellor	3807
hungary	1710
festival	2008
alternate	2655
herbert	3385
fired	3750
presidency	3137
manual	4050
reforms	2608
trees	2212
find	735
information	240
comments	4122
genetic	1716
elections	921
tourism	2416
efficiency	3661
surrounded	3872
hall	993
double	885
comment	4975
considering	4184
collections	3785
floating	4568
data	319
emperors	2716
influences	2857
looked	4174
tanks	4971
what	154
make	256
fbi	3815
computers	1174
poland	1293
residence	3050
planets	3407
they	47
revenue	4152
length	915
tomb	4768
solve	4329
contain	1380
gone	3110
milan	4216
gun	1747
taken	541
doing	2059
exploration	4115
dropped	2810
lisp	3035
scott	2386
could	160
muhammad	2773
maintenance	4511
battery	4247
closest	4468
public	234
managed	2214
consequently	3588
approaches	4015
elizabeth	2032
medal	3096
language	141
accurate	2674
switzerland	2767
rather	318
minority	2332
mu	4890
trying	2471
larger	805
kingdom	352
beginning	669
minutes	1917
ira	4787
winter	1444
commonwealth	2014
documentation	4964
total	394
albanian	4670
primary	886
knew	3097
degree	920
solely	4486
team	361
bar	1921
uncle	4209
shell	3228
delivered	3559
combat	1701
logic	1264
seats	1922
super	1859
resistance	1858
jones	1621
sultan	4339
punishment	3601
recognize	3775
judges	3028
completed	1531
spoke	4330
owned	1906
self	568
stood	4196
lasted	4070
in	5
everyone	3273
augustus	3880
offensive	2713
remarkable	4532
troops	1037
ruled	1538
transition	2922
restrictions	3320
solo	3055
historian	2442
ion	4429
specific	692
attention	1554
report	1081
wilhelm	4148
buddha	4683
situated	3712
uprising	4767
person	398
presence	1456
wanted	1783
life	129
danish	2084
temperatures	2483
presidential	1649
western	290
investigation	3393
childhood	3658
baseball	940
moment	2726
representation	1923
doctor	1907
reliable	4509
luke	3987
dead	832
feature	1168
scientists	1567
cia	2323
raise	3869
united	86
energy	458
today	358
heaven	2344
blue	759
walls	2632
reputation	2396
action	624
orthodox	1041
expelled	4960
radiation	2146
invited	4564
credited	3188
proportional	4774
hence	1742
easy	1976
weber	4963
include	212
acid	1280
park	787
brian	2782
effectively	2429
subjects	2407
acceptance	3956
hundreds	2469
literacy	4730
os	1718
participation	3632
thomas	747
offering	4022
animals	1002
get	689
cow	4859
by	19
significant	655
script	2587
robert	618
giant	2751
ferdinand	4502
berlin	1360
entire	951
performance	924
alan	2728
metric	3631
tony	3241
pascal	4928
patrick	4210
singular	3649
continues	1773
lines	823
telephone	2649
scholar	3717
bird	2971
zone	1686
fear	2310
st	273
regard	2294
extinct	3134
danger	4361
prize	810
hindi	4463
copies	3076
lifetime	3576
secret	1281
syria	2848
factbook	4737
levels	1107
allied	2444
oscar	3937
scale	1020
mainstream	2427
statistics	1761
speaking	1196
son	387
emergency	3174
platform	2805
identical	2507
airlines	2885
steel	2126
logical	2309
found	199
additional	1059
editing	4809
decline	2423
catherine	4804
houston	3474
employed	2390
taiwan	3555
virgin	3792
bears	2983
grave	4567
northern	475
egypt	1051
dynasty	1608
upper	1405
oxygen	2333
intermediate	4611
dublin	3142
tea	4262
expanded	2176
jr	2110
which	34
painted	4101
artistic	3258
servers	3794
put	737
generations	4086
rabbi	4442
heads	2669
structure	569
premier	4037
presidents	3219
quarter	1984
legislative	2016
expedition	3706
comes	1146
positive	1426
solutions	3053
defend	4113
deck	4272
asian	1915
forms	473
organic	2792
reed	4562
compact	3223
victor	4090
we	196
anniversary	4460
selected	2002
refers	1138
walter	2756
someone	2022
dog	1901
eve	4137
conservation	4055
cash	3209
denmark	2068
fixed	1651
before	152
berkeley	2720
styles	2528
politics	822
pieces	1949
metres	4108
franchise	3728
convert	4715
benefit	3073
senator	3340
electronic	1307
centre	1040
affected	2454
comparison	2592
mormon	3724
cover	1290
ireland	712
treaty	869
acquired	2588
thereafter	4701
cells	1104
base	638
reasoning	4317
check	4318
fact	376
cutting	4130
apparent	2488
brothers	1856
marx	2981
genetics	4382
fleet	2348
mississippi	2830
tactics	4250
records	954
appearances	3630
ongoing	3914
spanish	547
difficult	930
disputed	3307
minimal	4763
signs	2443
ben	2806
moreover	3548
pass	1368
s	15
python	4189
networks	2193
santa	3280
away	726
doors	4380
social	346
laureate	2813
scores	4614
distinctive	3380
height	2544
principle	1412
holidays	3133
bound	2896
repeated	3275
electric	1153
sam	3490
specification	4648
proclaimed	3809
identified	1760
hidden	3700
assistant	4178
senate	1610
rolling	4063
substances	3230
cyprus	3422
carter	3220
drum	3916
unfortunately	4208
cd	1795
jacob	3553
controversy	1550
compound	3368
seem	2256
associated	719
hope	2715
up	98
thing	1799
duncan	4740
mtv	4697
noun	3189
drop	3215
properties	1109
croatia	3966
province	1218
right	245
alive	3952
completion	4810
eugene	4874
take	370
cotton	4752
fat	3589
plural	3529
test	1082
economy	519
children	383
electronics	3391
propaganda	4392
nouns	4355
insurance	3424
capitalism	2752
gas	934
sciences	2149
material	679
progressive	3288
existence	1003
dick	3971
explains	4474
let	1510
select	4850
governed	4154
expert	4023
problems	641
chicago	1134
nfl	2067
economic	333
promote	3197
alumni	4703
sort	2076
guilty	4471
success	782
horses	3564
fast	1602
tool	2930
depend	4590
publication	2054
centers	3647
catholic	566
cats	4367
organisations	4623
romance	3944
joined	1233
database	1857
cycle	1563
clinical	4171
others	276
quick	3898
grain	3746
slang	4187
former	379
trinity	4163
messages	3405
hand	489
interaction	3194
widely	664
communications	1666
particular	480
mostly	758
must	300
dimensional	2628
showed	2141
board	960
flying	2362
statistical	3295
simon	2673
ba	4992
effort	1735
problem	599
ball	797
heavily	1683
beam	4746
forming	2832
baltic	2820
getting	3128
brand	3222
marie	4045
dry	2325
story	441
status	858
bases	3287
columbus	2901
depending	1607
strange	4084
populated	4939
adaptation	4180
layer	1986
tone	2790
build	1869
truth	1728
ch	1862
blind	3526
probability	2697
ghost	3812
episodes	2568
thompson	3829
development	313
dutch	838
wilson	2809
cause	701
memorial	2864
open	374
women	465
pro	1705
die	1416
leo	3376
measurements	4806
merchant	4241
thousand	2334
vertical	3708
topic	3848
advanced	1276
arts	1085
dominated	2391
worth	3291
its	45
occurs	1472
territorial	3263
chapter	1891
settled	2223
painting	2747
navy	1120
strings	2764
february	597
second	164
transit	4875
judaism	1517
buddhist	3621
good	385
christ	992
immune	4592
whatever	3547
volumes	3639
proven	3903
nd	1321
expected	1498
bodies	1806
visit	2230
european	242
arbitrary	4374
restricted	3304
element	997
plans	1982
isbn	272
peace	791
ve	3468
hip	2957
notably	1225
skin	3034
bank	987
union	266
harrison	3795
refused	1932
realized	4714
kazakhstan	4756
closer	2910
courts	1983
matter	846
who	57
drink	3339
lose	3360
if	88
talk	2567
native	880
disaster	3445
keys	3316
supreme	1350
nucleus	4613
storage	1963
died	476
james	428
hypothesis	3021
recorded	1033
finding	2807
implies	3676
infant	4405
creatures	4280
behavior	1546
design	470
favour	3709
anime	3612
bow	4867
opinions	4609
models	1239
gravitational	4320
sequences	4104
fair	2273
brief	2210
albania	4136
francis	2144
publicly	3447
converted	2631
assistance	2884
collection	944
arabia	4291
smith	1012
treat	4363
coast	864
access	913
themes	2766
bull	4111
wikipedia	1748
railways	4704
islands	393
agriculture	1676
watson	4563
en	2895
se	3992
decimal	4151
colour	3211
files	2044
developers	4273
campus	2749
jesus	936
isolated	3378
thereby	3861
competing	4794
techniques	1112
partly	2565
inducted	3081
border	1169
aramaic	4281
values	1140
persian	1893
portuguese	1509
defining	4068
product	945
west	237
rom	3766
church	206
features	704
ken	4927
corruption	3908
regulation	4512
reactions	3218
eternal	4150
burning	3737
seat	1990
shares	4087
muslims	2142
junior	4549
replace	2795
articles	1097
germanic	2455
considerably	3560
sex	1158
conception	4547
purpose	1121
australian	745
sword	2973
experience	1028
nearly	931
verse	3352
th	91
gdp	1532
boundary	3008
municipal	4577
kick	4821
hours	1318
observer	4091
able	644
titles	2049
systems	265
nietzsche	4454
down	310
devoted	3645
specified	3456
consensus	4069
indians	3514
sea	356
partially	3056
on	25
abroad	4341
symphony	4770
convinced	4765
tested	4759
canon	3323
finite	2419
robinson	3636
northwest	2927
portrait	3742
ruler	2881
states	82
actually	656
american	64
cousin	4846
earned	3503
refugees	3912
libraries	3337
uk	532
developed	348
doctrine	1708
successful	842
processing	1944
notable	962
materials	1364
masters	4508
exclusively	3420
washington	933
implementation	2725
detroit	3007
successor	2532
university	127
reason	891
coat	4143
smallest	4627
fairly	2803
hearing	4359
plus	2083
retired	2844
prussian	4894
global	1419
call	969
integration	3455
procedure	3078
addition	537
middle	487
caribbean	2689
keyboard	2932
whilst	3581
ministers	2159
guardian	4410
racial	3610
agencies	3991
virus	3334
relating	4604
requiring	4040
solution	1494
meanwhile	3840
attempts	1372
corresponds	4642
machine	799
bernard	3824
structures	1577
lead	708
finland	1540
experiments	2737
distance	1241
foods	4432
membership	2357
significance	3878
eastern	503
known	87
representing	3051
rough	4907
vector	2292
weak	2699
absolute	2278
rifle	4107
formats	4172
at	35
instruction	2493
themselves	573
senior	3299
inspired	1618
columbia	1765
unusual	2561
separate	834
horse	1516
operators	3925
opinion	2414
ahead	4596
experts	4570
identify	3027
du	2869
automatic	3151
short	334
free	247
ice	1042
pattern	1997
maxwell	4677
hawaii	3915
asia	874
felt	1966
cars	2058
computer	236
influential	2026
day	137
amino	4457
alfred	2406
prevent	1441
conservative	1242
writing	716
cost	1100
proportion	4127
inventor	3565
calculus	2991
audio	1542
exists	1452
improved	2321
m	116
essays	3524
hilbert	4685
functions	896
depression	2248
wealthy	4576
terrorist	3948
immigration	3644
returns	3720
denied	3855
royal	633
x	126
resigned	4001
some	48
terry	4537
initially	1449
highly	856
next	479
improve	2947
net	1315
happen	4266
attracted	3933
performing	3159
reasons	1338
matthew	3462
jan	3292
peru	4772
boeing	3487
israel	613
nor	1343
seasons	3253
norse	4326
resources	1050
wisdom	4458
references	413
movie	675
flag	1395
expansion	1707
present	391
moving	1330
crossing	4447
ever	677
elsewhere	2909
elaborate	4777
continental	2213
ocean	1098
physician	3744
constitution	760
growing	1390
simultaneously	3913
printing	3883
shock	4048
own	200
estimates	3536
council	482
starting	1354
merely	2228
virtual	2373
notion	2583
conquered	3356
although	142
chance	2518
diego	4114
supply	1771
q	1250
graph	4406
changes	721
sweden	1660
theme	2211
bibliography	3206
drug	1493
grown	3006
several	143
point	229
difference	1300
exclusive	3465
shall	2162
calling	2755
addresses	4041
model	518
consumption	2593
try	2453
services	695
seems	1399
armies	3138
updated	4522
enterprise	4831
gulf	2096
occur	1278
dec	4835
palace	2134
acts	1191
owner	3062
approved	2804
phase	1667
complex	648
vol	2209
engineer	2935
carry	1842
animal	1179
outside	651
aka	4056
touch	4345
probably	775
film	190
percent	1929
then	104
earliest	1549
attached	2936
medicine	1211
december	464
relationships	2513
correspondence	4636
mit	3271
literary	1561
mark	942
certainly	3023
officially	1565
latin	501
residents	2500
classification	2132
permission	4480
any	105
solid	2070
aaron	4089
copyright	1834
minute	3077
studying	4044
sharp	3674
importance	1615
italy	843
communism	3247
arthur	1431
hair	2627
lawrence	3458
or	29
retained	3375
fashion	2366
looks	4010
court	350
phi	3444
grey	3677
network	628
flowers	4824
loop	3726
fly	3172
exceptions	3857
amendment	4319
required	718
protect	2351
mean	1016
step	1725
george	497
treatment	1171
grade	4164
expressions	4684
lithuanian	4123
starts	3403
arizona	3683
citizenship	3641
exports	2254
french	151
bruce	2819
indigenous	2666
fund	3459
currently	740
contact	1623
america	357
gave	776
matches	4248
movement	436
scottish	1351
varied	3758
roy	4707
special	466
aluminium	4275
atlanta	3486
bbc	1001
types	667
series	181
nineteenth	4626
unable	2140
spent	1763
macedonia	3175
periods	2395
superman	3710
islam	1614
purposes	1954
deal	1381
disorders	3922
intelligent	2622
www	1154
ce	3362
guns	2700
agricultural	2086
cook	3563
extra	2074
guest	4094
finnish	2619
regarding	1876
exchange	1335
cannot	710
collins	4798
screen	1887
prince	1061
coastal	2816
despite	620
sixth	3494
mars	2376
serial	4271
continuous	2157
particularly	567
thirty	3123
tissue	4387
situation	1484
size	706
vi	2433
apparently	2048
technologies	2961
days	397
alberta	4972
genre	2109
operating	1021
effective	1490
argues	4128
momentum	4125
broke	2497
camps	3282
czech	2599
student	1481
mail	2215
literally	2399
shore	4170
bill	1019
submarine	4408
tail	4222
gates	3484
interested	3415
rulers	2624
directed	1450
sky	2426
is	11
child	996
rule	572
mainly	1074
award	1013
charter	3231
manufactured	3893
tribe	3439
liberals	4257
husband	2473
failed	1337
scientific	684
transferred	3242
believe	694
illinois	2185
expressed	1809
iranian	3657
voice	1376
johann	3568
month	1339
dust	4910
theoretical	2892
yes	3584
battle	377
compete	4713
included	511
election	744
diversity	4799
certain	425
surviving	3479
oswald	4832
relations	765
dylan	3115
insubstantial	4572
answer	2616
primitive	4584
circumcision	4632
official	314
influence	574
god	213
justice	1294
harbor	4601
independence	673
director	925
classes	1504
whose	562
floor	3184
introduced	698
list	179
atoms	1849
typically	647
bearing	4544
integral	3049
great	175
pi	4775
formerly	1850
membrane	4060
above	403
capture	2705
housing	3793
physical	659
organ	4839
why	1246
gift	4825
corresponding	2744
ran	2296
david	485
georgia	2492
aids	2758
assembly	1008
powerful	1279
netherlands	1333
biological	2186
direction	1245
holy	839
mental	1968
part	120
stadium	2287
flight	1188
police	1096
nelson	3860
laboratory	2972
uniform	3325
e	112
cm	3100
remained	809
ranks	4605
fluid	3156
ordered	1895
aimed	3943
translations	3311
milton	4665
reverse	3347
rational	3523
caused	857
beautiful	3026
dance	1141
mechanisms	4228
transmission	2836
suggested	1553
half	517
legislation	2581
enabled	4844
winds	4911
microsoft	1162
birds	2645
diamond	2995
naval	1931
sometimes	244
additionally	2965
would	74
adolf	4904
categories	2606
those	162
year	131
complete	653
alabama	4721
frequently	955
account	1029
executed	2446
financial	1223
sports	1327
johnson	1908
units	1004
taught	2115
calls	2449
theories	1234
los	1403
filter	4444
use	90
passes	3510
node	2954
conan	4415
ordinary	2552
perceived	2774
criticized	3330
triple	4282
consistent	3286
gauge	3814
attorney	4889
matrix	3084
tribes	1874
beach	3262
rights	446
publications	2418
missions	3483
id	4057
lee	1835
institution	2880
operations	1083
sound	626
adopt	4773
abu	4351
usa	1164
hill	1527
engines	2119
voices	4881
philadelphia	3773
discussed	3240
shown	1093
divine	2018
theater	3597
explained	2743
poet	1286
offered	1681
differs	4936
installed	4215
impact	1601
twenty	1675
arithmetic	3397
drama	3974
greeks	2837
immediately	1443
elementary	4595
etc	790
fourth	1296
cocaine	4287
elevation	4124
infrastructure	3475
teacher	2706
defeat	1785
revelation	3798
older	1086
verb	2701
trotsky	4314
granted	1989
sources	771
sites	1539
fan	2093
rapidly	2343
balance	2620
shakespeare	4724
culture	401
forest	2299
assault	3976
different	173
electron	2379
green	829
friends	1401
via	1165
diet	3492
manufacturers	3396
arabic	1331
descriptions	4735
acids	3047
pairs	3623
colonial	2345
arrangement	3449
deaths	661
alpha	2183
mobile	1879
index	2363
sentence	3160
electrons	2941
samples	4842
choice	1432
price	1620
typical	1584
eight	13
marshall	3145
bacteria	2882
factory	3891
opponent	2982
parks	4733
unless	2563
summer	1176
cricket	3496
ray	1957
pennsylvania	2778
conference	1524
morgan	4868
cat	2602
atari	2691
weapons	1301
closely	1628
generation	1382
anything	1964
obvious	3367
origin	848
violence	1668
central	287
mr	1970
transform	3858
combined	1470
winner	2963
ab	4764
out	108
turning	3383
haiti	4621
pictures	2085
hero	2397
walk	3193
entry	1585
violent	2734
forty	4545
strongly	2127
general	153
inc	2372
guinea	2314
brown	1199
attempting	3863
slightly	1645
polish	1213
poem	2547
hell	2680
looking	2398
nobel	1071
millennium	3756
t	155
dual	3270
examination	4552
front	928
caught	3718
accident	3894
almost	417
republic	355
bear	2306
division	862
helium	4183
iran	1910
championship	2192
least	516
quebec	3583
miller	3582
became	135
as	12
visual	2388
discussions	4966
billion	1204
abstract	2843
management	1173
ann	4032
lies	2106
equilibrium	4903
thousands	1674
methods	963
observations	3411
ha	4916
pioneer	4243
frederick	3000
collapse	3165
approval	3653
yugoslavia	4428
mathematicians	3873
produce	847
proponents	4433
artificial	2288
romania	3673
location	1215
advance	2600
seek	3130
explicitly	3619
followers	2987
documentary	2889
compiled	4654
arms	1547
il	2793
struggle	2712
achieve	2569
domestic	1543
spain	804
travel	1568
industry	691
gases	4864
wright	4249
implemented	3319
malaysia	3936
f	170
frame	2572
ten	971
integer	3302
opened	1720
holocaust	3463
result	359
legendary	3670
scotland	1105
iraq	1579
main	227
even	139
executive	1257
hole	2890
preferred	2791
strength	1960
re	632
printed	2986
alcohol	2164
gregory	3875
wins	3685
described	629
derivative	4390
korean	2328
romanian	4766
virtually	2866
intense	4242
your	772
face	1249
khan	3381
lenin	3907
programme	4095
axis	2704
carried	1334
process	389
falls	2784
bavaria	4643
pointed	3901
politicians	3640
non	224
key	662
attitude	4857
soldiers	1715
rival	3652
fight	1786
centuries	1128
considered	233
translation	1206
statue	3504
replacing	4213
unions	3997
rural	2613
entropy	3877
commodore	3298
paved	4853
criticism	1613
totally	4929
a	6
zeus	4820
commerce	3480
macintosh	3041
his	30
scored	4531
bce	2682
personnel	3540
marks	3557
console	4664
infinite	2336
ready	3741
lived	1064
proposed	1090
execution	3003
amiga	4206
sell	3602
such	55
score	2504
syndrome	3361
palestinian	3017
regime	2548
julian	3783
character	369
ministry	2467
band	498
cities	595
wallace	4974
likewise	4434
local	386
singing	3668
cool	4566
fighter	3387
accessed	4635
laser	3542
room	1731
appeared	837
baker	4569
existing	1665
macau	4530
weather	2703
birth	975
joe	2607
briefly	3124
markets	2654
true	552
word	248
components	2143
remain	1182
minimum	2754
all	50
concrete	3736
voyage	4117
canadian	678
philip	2470
magazine	1070
hat	4679
strong	612
parent	3982
murray	3881
coins	3864
host	1560
apollo	1640
graphics	2494
research	460
serves	3181
crimes	3061
ban	3603
declared	1374
luther	2934
frontier	4538
researchers	2888
multiple	1192
martin	1161
connecting	4950
worn	4828
match	1916
mechanics	2122
romans	2451
corporate	2775
covered	1925
ones	1578
distinguish	3141
forum	2389
capacity	2181
scholars	1317
strategic	3433
legislature	3969
rare	1641
philosopher	1853
shape	1868
figures	1570
northeast	3692
folk	2015
pan	4100
biblical	2562
downtown	2948
jazz	1642
jerusalem	1562
from	28
empty	3312
bureau	3329
legal	652
speed	766
arrived	2304
hunt	4102
chemist	3972
conservatives	4845
UNK	0
wisconsin	4404
though	220
earthquake	4629
delta	2900
figure	1231
animation	3428
radio	536
compare	3932
integers	4308
perhaps	828
improvements	4722
value	553
atlantic	1604
names	585
tried	1749
europeans	3995
pope	1039
organizations	1451
export	3580
victim	4738
sunday	3113
order	203
jersey	2415
currency	1780
mix	3799
online	755
shorter	3635
cancer	2353
ethiopia	3599
did	216
behaviour	3469
dogs	4134
theological	3716
appears	998
retain	4289
chain	1952
morocco	3388
maintains	3902
measured	2687
incident	3107
appeal	2546
headquarters	3031
kansas	2349
identity	1410
detailed	2161
responsibility	3058
won	551
esperanto	3324
very	148
small	221
performed	1175
east	239
labour	1195
commander	2090
expensive	2417
care	1734
aristotle	3617
technically	4518
boundaries	2916
songs	1113
traffic	2034
margaret	3763
studies	733
manager	2219
weeks	1996
properly	3611
unlikely	4229
knowledge	736
monetary	3534
ground	953
tension	4800
audience	2420
landscape	4641
editions	3822
cult	2585
douglas	2822
com	583
fiction	658
photo	3703
paris	1055
learning	1778
greece	1248
arrested	3517
medium	1981
debut	4497
ship	1159
consequences	3693
controls	3614
florida	2285
equation	1888
variables	3322
attributes	4579
period	283
evil	1769
roll	2596
cluster	4710
full	415
plateau	4769
losing	3221
doesn	3515
omega	4855
attacks	1439
presented	1757
alleged	2768
mac	1722
stars	1229
abortion	4309
thin	3806
stability	3598
guide	1253
featuring	2316
rarely	2177
batman	2808
enforcement	4978
silver	2525
vii	3757
jurisdictions	4915
everything	2104
competitive	4155
edinburgh	4202
generate	4133
societies	2217
entertainment	2960
easier	3105
sent	958
wide	796
greek	321
geography	1391
bread	4688
leibniz	4383
sun	906
candidates	3278
alone	1468
chairman	2841
fish	1525
command	1236
released	444
euro	3970
term	195
keep	1362
poets	3917
hundred	2138
musician	1310
treated	2501
feet	1445
appointed	1125
beer	2531
destruction	2188
negative	1459
creates	4232
awarded	1927
company	331
julius	4416
necessarily	2428
sub	2208
smaller	916
alien	3900
supplies	4204
broadway	4021
semi	1939
deemed	4942
lion	4675
defence	2401
course	895
reform	1422
coalition	2387
density	2020
sweet	4422
peer	4982
using	219
leading	802
paper	1149
show	373
diagram	4501
degrees	1991
jump	4519
vehicle	2447
listing	3117
ideas	949
chess	2883
applications	1088
civilization	2179
babylon	4253
pole	4543
signing	4849
alexander	899
persia	4865
record	570
candidate	2253
predominantly	4446
vessels	4479
curve	3622
desktop	4560
metro	4681
elder	4571
spin	3399
geneva	4052
question	1043
average	914
processes	1807
doubt	3537
reader	3935
intellectual	2272
added	762
conversion	2652
byzantine	2604
regularly	3464
policy	739
entities	4256
pre	1078
stewart	4466
constantinople	2999
stay	3042
usually	204
homepage	4918
editor	2267
leaving	1717
look	1406
various	275
magnetic	2003
events	635
codes	2648
developments	3595
unicode	4905
late	329
streets	3369
clear	1139
stations	1407
der	2040
april	533
port	1235
clean	4488
significantly	2276
requirement	4203
narrow	2852
until	192
visible	2261
back	282
frequencies	4705
scientist	2796
cable	2124
educated	3427
extremely	1265
love	611
dealt	4970
places	1133
bush	1820
arose	4214
foreign	449
item	4388
argued	1461
department	1275
readers	3977
laid	3012
error	2457
founded	738
knights	2657
mi	1687
kings	1244
lord	756
go	686
modes	4445
moscow	2854
basketball	3016
linear	1477
biology	2166
pagan	4350
facing	4394
speak	1978
blade	3624
leave	1794
false	2061
hoover	4220
england	316
forward	1802
single	305
corn	4999
distributed	2370
concept	717
extent	1871
latvia	3545
drugs	1950
move	984
severe	2239
measure	1495
reduced	1566
adventure	3762
chamber	2566
availability	4893
file	1010
banned	3452
involve	3318
sons	2112
opens	4551
target	1867
pop	2001
monopoly	3558
realm	4364
sugar	3009
mentioned	1492
attempt	852
feed	4933
sample	3477
advocate	4869
movies	1678
actively	4778
gender	2514
nazi	1745
actors	1782
attend	4914
v	307
mutual	4336
music	166
analysis	898
apple	1221
graphic	4366
dominican	4883
brother	1031
interview	2409
altered	4941
iv	1488
democratic	970
eventually	621
percentage	3102
literature	907
foundations	4561
joseph	1034
mathbf	2337
copy	2733
ian	4371
threat	2667
thinking	2855
comedy	1951
dot	4162
develop	1693
confused	3116
introduction	1116
writings	1533
estimate	4453
decay	4680
darwin	2312
previously	1258
input	2158
budget	2545
